-- MySQL dump 10.13  Distrib 8.0.29, for Win64 (x86_64)
--
-- Host: localhost    Database: imdb
-- ------------------------------------------------------
-- Server version	8.0.29

/*!40101 SET @OLD_CHARACTER_SET_CLIENT=@@CHARACTER_SET_CLIENT */;
/*!40101 SET @OLD_CHARACTER_SET_RESULTS=@@CHARACTER_SET_RESULTS */;
/*!40101 SET @OLD_COLLATION_CONNECTION=@@COLLATION_CONNECTION */;
/*!50503 SET NAMES utf8 */;
/*!40103 SET @OLD_TIME_ZONE=@@TIME_ZONE */;
/*!40103 SET TIME_ZONE='+00:00' */;
/*!40014 SET @OLD_UNIQUE_CHECKS=@@UNIQUE_CHECKS, UNIQUE_CHECKS=0 */;
/*!40014 SET @OLD_FOREIGN_KEY_CHECKS=@@FOREIGN_KEY_CHECKS, FOREIGN_KEY_CHECKS=0 */;
/*!40101 SET @OLD_SQL_MODE=@@SQL_MODE, SQL_MODE='NO_AUTO_VALUE_ON_ZERO' */;
/*!40111 SET @OLD_SQL_NOTES=@@SQL_NOTES, SQL_NOTES=0 */;

--
-- Table structure for table `actor`
--

DROP TABLE IF EXISTS `actor`;
/*!40101 SET @saved_cs_client     = @@character_set_client */;
/*!50503 SET character_set_client = utf8mb4 */;
CREATE TABLE `actor` (
  `ActorID` int NOT NULL,
  `name` varchar(200) DEFAULT NULL,
  `about` text,
  PRIMARY KEY (`ActorID`)
) ENGINE=InnoDB DEFAULT CHARSET=utf8mb4 COLLATE=utf8mb4_0900_ai_ci;
/*!40101 SET character_set_client = @saved_cs_client */;

--
-- Dumping data for table `actor`
--

LOCK TABLES `actor` WRITE;
/*!40000 ALTER TABLE `actor` DISABLE KEYS */;
INSERT INTO `actor` VALUES (101,'Tim Robbins','Timothy Francis Robbins is an American actor, filmmaker, and musician'),(102,'Bob Gunton','Robert Patrick Gunton Jr. is an American character actor of stage and screen. He is known for playing strict, authoritarian characters.'),(103,'William Sadler','William Thomas Sadler is an American stage, film, and television actor.'),(104,'Marlon Brando','Marlon Brando Jr. was an American actor. Considered one of the most influential actors of the 20th century, he received numerous accolades throughout his career, which spanned six decades, including two Academy Awards, two Golden Globe Awards, one Cannes Film Festival Award and three British Academy Film '),(105,'Al Pacino','Alfredo James Pacino is an American actor and filmmaker. Considered one of the most influential actors of the 20th century, he has received numerous accolades: including an Academy Award, two Tony Awards, and two Primetime Emmy Awards, making him one of the few performers to have achieved the Triple Crown of Acting.'),(106,'James Caan','James Edmund Caan is an American actor who has been nominated for several awards, including four Golden Globes, an Emmy and an Oscar.'),(107,'Christian Bale','Christian Charles Philip Bale is an English actor. Known for his versatility and recurring physical transformations to play his roles, he has been a leading man in films of several genres. '),(108,'Heath Ledger','Heath Andrew Ledger was an Australian actor and music video director. After playing roles in several Australian television and film productions during the 1990s, Ledger moved to the United '),(109,'Al Pacino','Alfredo James Pacino is an American actor and filmmaker. Considered one of the most influential actors of the 20th century, he has received numerous accolades: including an Academy Award, two Tony Awards, and two Primetime Emmy Awards, making him one of the few performers to have achieved the Triple Crown of Acting.'),(110,'Robert de Niro','Robert Anthony De Niro Jr. is an American actor, producer, and director.'),(111,'Robert Duvall','Robert Selden Duvall is an American actor and filmmaker. His career spans more than seven decades. He is the recipient of an Academy Award, four '),(112,'Henry Fonda','Henry Jaynes Fonda was an American film and stage actor who had a career that spanned five decades on Broadway and in Hollywood.'),(113,'Lee J. Cobb','Lee J. Cobb was an American actor, known both for film roles and his work on the Broadway stage. He often played arrogant, intimidating and abrasive characters, but he also acted as respectable figures such as judges and police officers.'),(114,'Martin Balsam','Martin Henry Balsam was an American actor who had a prolific career in character roles in film, in theatre, and on television'),(115,'Liam Neeson','William John Neeson OBE is an actor from Northern Ireland. He has received several accolades throughout his career, including nominations for an Academy Award, a British Academy Film Award, two Tony Awards, three Golden Globe Awards and the Venice Film Festival\'s Volpi Cup.'),(116,'Ralph Fiennes','Ralph Nathaniel Twisleton-Wykeham-Fiennes is an English actor, film producer and director. A Shakespeare interpreter, he first achieved success onstage at the Royal National Theatre.'),(117,'Ben Kingsley','Sir Ben Kingsley is an English actor, who has a career spanning over five decades. He has garnered numerous accolades, including an Academy Award, a British Academy Film Award, a Screen Actors Guild Award, a Grammy Award, and two Golden Globes.'),(118,'Elijah Wood','Elijah Jordan Wood is an American actor and producer. He is best known for his portrayal of Frodo Baggins in the Lord of the Rings film trilogy and The Hobbit: An Unexpected Journey.'),(119,'Viggo Mortensen','Viggo Peter Mortensen Jr. R Danish; born October 20, 1958 is an American actor, author, director, musician, photographer, poet, producer, painter and writer.'),(120,'Ian McKellen','Sir Ian Murray McKellen CH CBE is an English actor. His career spans seven decades, having performed in genres ranging from Shakespearean and modern theatre to popular fantasy and science fiction.'),(121,'John Travolta','John Joseph Travolta is an American actor and singer. He came to public attention during the 1970s, appearing on the television sitcom Welcome Back, Kotter and starring in the box office successes Carrie, Saturday Night Fever, Grease, and Urban Cowboy.'),(122,'Uma Thurman','Uma Karuna Thurman is an American actress, producer and fashion model. Prolific in film and television productions encompassing a variety of genres, she had her breakthrough in Dangerous Liaisons, following appearances on the December 1985 and May 1986 covers of British Vogue.'),(123,'Samuel L. Jackson','Samuel Leroy Jackson is an American actor. One of the most widely recognized actors of his generation, the films in which he has appeared have collectively grossed over $27 billion worldwide, making him the highest-grossing actor of all time.'),(124,'Elijah Wood','Elijah Jordan Wood is an American actor and producer. He is best known for his portrayal of Frodo Baggins in the Lord of the Rings film trilogy and The Hobbit: An Unexpected Journey.'),(125,'Orlando Bloom','Orlando Jonathan Blanchard Copeland Bloom is an English actor. He made his breakthrough as the character Legolas in The Lord of the Rings film series, a role he reprised in The Hobbit film series. '),(126,'Ian McKellen','Sir Ian Murray McKellen CH CBE is an English actor. His career spans seven decades, having performed in genres ranging from Shakespearean and modern theatre to popular fantasy and science fiction.'),(127,'Clint Eastwood','Clinton Eastwood Jr. is an American actor, film director and producer.'),(128,'Ei Wallach','Eli Herschel Wallach was an American film, television, and stage actor from New York City. From his 1945 Broadway debut to his last film appearance, Wallach\'s entertainment career spanned 69 years.'),(129,'Tom Hanks','Thomas Jeffrey Hanks is an American actor and filmmaker. Known for both his comedic and dramatic roles, he is one of the most popular and recognizable film stars worldwide, and is regarded as an American cultural icon.'),(130,'Robin Wright','Robin Gayle Wright is an American actress. She has won a Golden Globe Award and a Satellite Award, and has received eleven Emmy Award nominations for her work in television. Wright first gained attention for her role in the NBC Daytime soap opera Santa Barbara as Kelly Capwell from 1984 to 1988.'),(131,'Gary Sinise','Gary Alan Sinise is an American actor, humanitarian, and musician. Among other awards, he has won a Primetime Emmy Award, a Golden Globe Award, a Tony Award, and four Screen Actors Guild Awards. He has also received a star on the Hollywood Walk of Fame, and was nominated for an Academy Award.'),(132,'Brad Pitt','William Bradley Pitt is an American actor and film producer.'),(133,'Edward Norton','Edward Harrison Norton is an American actor and filmmaker. He has received numerous awards and nominations, including a Golden Globe Award and three Academy Award nominations. Born in Boston, Massachusetts and raised in Columbia, Maryland, Norton was drawn to theatrical productions at local venues as a child.'),(134,'Meat Loaf','Michael Lee Aday, known professionally as Meat Loaf, was an American singer and actor. He was noted for his powerful, wide-ranging voice and theatrical live shows. He is on the list of best-selling music artists.'),(135,'Leonardo DiCaprio','Leonardo Wilhelm DiCaprio is an American actor and film producer. Known for his work in biopics and period films, he is the recipient of numerous accolades, including an Academy Award, a British Academy Film Award, and three Golden Globe Awards.'),(136,'Joseph Gordon','Joseph Leonard Gordon-Levitt is an American actor and filmmaker. He has received various accolades, including nominations for the Golden Globe Award for Best Actor – Motion Picture Musical or Comedy for his leading performances in 500 Days of Summer and 50/50.'),(137,'Elliot Page','-Elliot Page is a Canadian actor and producer. He has received various accolades, including an Oscar nomination, two BAFTA and Emmy nominations, and a Satellite Award.'),(138,'Elijah Wood','Elijah Jordan Wood is an American actor and producer. He is best known for his portrayal of Frodo Baggins in the Lord of the Rings film trilogy and The Hobbit: An Unexpected Journey.'),(139,'Viggo Mortensen','Viggo Peter Mortensen Jr. R Danish; born October 20, 1958 is an American actor, author, director, musician, photographer, poet, producer, painter and writer.'),(140,'Ian McKellen','Sir Ian Murray McKellen CH CBE is an English actor. His career spans seven decades, having performed in genres ranging from Shakespearean and modern theatre to popular fantasy and science fiction.'),(141,'Mark Hamil','Mark Richard Hamill is an American actor, voice artist, and writer. He is known for playing Luke Skywalker in the Star Wars film series, winning three Saturn Awards for the role. His other film appearances include Corvette Summer and The Big Red One.'),(142,'Harrison Ford','Harrison Ford is an American actor. His films have grossed more than $5.4 billion in North America and more than $9.3 billion worldwide, making him the seventh-highest-grossing actor in North America.'),(143,'Carrie Fisher ','Carrie Frances Fisher was an American actress and writer. She was best known for playing Princess Leia in the Star Wars films, a role for which she was nominated for four Saturn Awards.'),(144,'Keanu Reeves','Keanu Charles Reeves is a Canadian actor. Born in Beirut and raised in Toronto, Reeves began acting in theatre productions and in television films before making his feature film debut in Youngblood.'),(145,'Laurence Fishburne','Laurence John Fishburne III is an American actor. He is a three time Emmy Award and Tony Award winning actor known for his roles on stage and screen. He has been hailed for his forceful, militant, and authoritative characters in his films.'),(146,'Carrie-Anne Moss','Carrie-Anne Moss is a Canadian actress. After early roles on television, she rose to international prominence for her role of Trinity in The Matrix series.'),(147,'Robert De Niro','Robert Anthony De Niro Jr. is an American actor, producer, and director.'),(148,'Ray Liotta','Raymond Allen Liotta was an American actor and film producer. He was most known for his roles as Shoeless Joe Jackson in Field of Dreams and Henry Hill in Martin Scorsese\'s Goodfellas.'),(149,'Joe Pesci ','Joseph Frank Pesci is an American actor and musician. He is known for portraying tough, volatile characters in a variety of genres and for his collaborations with Robert De Niro and Martin Scorsese in the films Raging Bull, Goodfellas, Casino, and The Irishman.'),(150,'Jack Nicholson','John Joseph Nicholson is an American retired actor and filmmaker. He is known for having played a wide range of starring and supporting roles, including comic characters, romantic leads, anti-heroes and villains.'),(151,'Louise Fletcher ','Estelle Louise Fletcher is an American actress, best known for her portrayal of Nurse Ratched in One Flew Over the Cuckoo\'s Nest, which earned her an Academy Award, a BAFTA Award and a Golden Globe Award.'),(152,'Michael Berryman','Michael John Berryman is an American character actor. Berryman was born with hypohidrotic ectodermal dysplasia, a rare condition characterized by the absence of sweat glands, hair, and fingernails'),(153,'Morgan Freeman','Morgan Freeman is an American actor, director, and narrator. Noted for his distinctive deep voice, Freeman is known for his various roles in a wide variety of film genres.'),(154,'Brad Pitt','William Bradley Pitt is an American actor and film producer.'),(155,'Kevin Spacey','Kevin Spacey Fowler KBE is an American actor and producer. He began his career as a stage actor during the 1980s, obtaining supporting roles in film and television. Spacey\'s first roles in film were in Mike Nichols\' Heartburn, and Working Girl.'),(156,'Toshirô Mifune','Toshiro Mifune was a Japanese actor who appeared in over 150 feature films. He is best known for his 16-film collaboration with Akira Kurosawa in such works as Rashomon, Seven Samurai, The Hidden Fortress, Throne of Blood, and Yojimbo.'),(157,'Takashi Shimura','Takashi Shimura was a Japanese actor who appeared in over 200 films between 1934 and 1981. He is particularly noted for his appearances in 21 of Akira Kurosawa\'s 30 films, including as a lead actor in Drunken Angel, Rashomon, Ikiru and Seven Samurai.'),(158,'Keiko Tsushima','Keiko Tsushima was a Japanese actress, whose real name was Naoko Mori. She was notable for her prominent role in Akira Kurosawa\'s 1954 film Seven Samurai. She also starred in Japanese television series such as Sakura and Kimi ga Jinsei no Toki.'),(159,'James Stewart','James Maitland Stewart was an American actor and military pilot. Known for his distinctive drawl and everyman screen persona, Stewart\'s film career spanned 80 films from 1935 to 1991. With the strong morality he portrayed both on and off the screen, he epitomized the American ideal in the mid-twentieth century.'),(160,'Donna Reed','Donna Reed was an American actress. Her career spanned more than 40 years, with performances in more than 40 films. She is well known for her portrayal of Mary Hatch Bailey in Frank Capra\'s fantasy holiday film It\'s a Wonderful Life. '),(161,'Lionel Barrymore','Lionel Barrymore was an American actor of stage, screen and radio as well as a film director. He won an Academy Award for Best Actor for his performance in A Free Soul, and remains best known to modern audiences for the role of villainous Mr. Potter in Frank Capra\'s 1946 film It\'s a Wonderful Life. '),(162,'Jodie Foster','Alicia Christian \"Jodie\" Foster is an American actress, director, and producer. She is the recipient of numerous accolades, including two Academy Awards, three British Academy Film Awards, three Golden Globe Awards, and the honorary Cecil B. DeMille Award. '),(163,'Anthony Hopkins','Sir Philip Anthony Hopkins CBE is a Welsh actor, director, and producer. One of Britain\'s most recognisable and prolific actors, he is known for his performances on the screen and stage. Hopkins has received many awards and nominations throughout a career over six decades long.'),(164,'Lawrence A. Bonney ','onney is an American actor best remembered for his only film role in the Academy Award winning film The Silence of the Lambs (1991) directed by Jonathan Demme, where Bonney plays an FBI instructor who assists Clarice Starling (played by Jodie Foster) during a training routine in the early minutes of the classic film.'),(165,'Alexandre Rodrigues','Alexandre Rodrigues is a Brazilian actor. He is most famous for playing the part of Buscapé, the narrator and protagonist in the 2002 film Cidade de Deus. He has most recently appeared in American singer John Legend\'s music video for the song P.D.A. released in 2007.'),(166,'Leandro Firmino','Leandro Firmino is a Brazilian actor. He is best known for his role as Li\'l Zé in the Academy Award nominated City of God. He also had a main role in one episode of spin-off series City of Men. He played the role of Thiago in Trash with Wagner Moura and Rooney Mara.'),(167,'Matheus Nachtergaele','Matheus Nachtergaele is a Brazilian actor, director, and screenwriter'),(168,'Tom Hanks','Thomas Jeffrey Hanks is an American actor and filmmaker. Known for both his comedic and dramatic roles, he is one of the most popular and recognizable film stars worldwide, and is regarded as an American cultural icon.'),(169,'Matt Damon','Matthew Paige Damon is an American actor, film producer, and screenwriter. Ranked among Forbes\' most bankable stars, the films in which he has appeared have collectively earned over $3.88 billion at the North American box office, making him one of the highest-grossing actors of all time.'),(170,'Tom Sizemore','Thomas Edward Sizemore Jr. is an American actor and producer.'),(171,'Roberto Benigni','Roberto Remigio Benigni Cavaliere di Gran Croce OMRI is an Italian actor, comedian, screenwriter and director.'),(172,'Nicoletta Braschi','Nicoletta Braschi is an Italian actress and producer, best known for her work with her husband, actor and director Roberto Benigni.'),(173,'Giorgio Cantarini','Giorgio Cantarini is an Italian actor who, to date, has appeared in two Academy Award winning films: Life Is Beautiful and Gladiator.'),(174,'gs','s'),(175,'g','g'),(176,'Kristen Stewart','Though most famous for her role as Isabella \"Bella\" Swan in The Twilight (2008) Saga, Kristen Stewart has been a working actor since her early years in Los Angeles, California.'),(177,'Tom Hanks','Thomas Jeffrey Hanks is an American actor and filmmaker. Known for both his comedic and dramatic roles, he is one of the most popular and recognizable film stars worldwide, and is regarded as an American cultural icon.'),(178,'Michael Clarke Dunca','Michael Clarke Duncan was an American actor. He was best known for his breakout role as John Coffey in The Green Mile, for which he was nominated for the Academy Award for Best Supporting Actor and other honors, and for playing Kingpin in Daredevil and Spider-Man: The New Animated Series.'),(180,' David Morse ','David Bowditch Morse is an American actor, singer, television director, and writer. He first came to national attention as Dr. Jack \"Boomer\" Morrison in the medical drama series St. Elsewhere.'),(181,'Matthew McConaughey','Matthew David McConaughey is an American actor. He had his breakout role with a supporting performance in the coming-of-age comedy Dazed and Confused. After a number of supporting roles, his first success as a leading man came in the legal drama A Time to Kill.'),(182,'Anne Hathaway','Anne Jacqueline Hathaway is an American actress. The recipient of various accolades, including an Academy Award, a Golden Globe Award, and a Primetime Emmy Award, she was among the world\'s highest-paid actresses in 2015. '),(183,'Jessica Chastain','Jessica Michelle Chastain is an American actress and film producer. Known primarily for starring in films with feminist themes, she has received various accolades, including an Academy Award and a Golden Globe Award. Time magazine named her one of the 100 most influential people in the world in 2012. '),(184,'Mark Hamill ','Mark Richard Hamill is an American actor, voice artist, and writer. He is known for playing Luke Skywalker in the Star Wars film series, winning three Saturn Awards for the role. His other film appearances include Corvette Summer and The Big Red One.\n\n'),(185,'Harrison Ford','Harrison Ford is an American actor. His films have grossed more than $5.4 billion in North America and more than $9.3 billion worldwide, making him the seventh-highest-grossing actor in North America.\n\n'),(186,' Carrie Fisher ','Carrie Frances Fisher was an American actress and writer. She was best known for playing Princess Leia in the Star Wars films, a role for which she was nominated for four Saturn Awards.\n\n'),(187,'Arnold Schwarzenegger ','Arnold Alois Schwarzenegger is an Austrian-American actor, film producer, businessman, former bodybuilder and politician who served as the 38th governor of California between 2003 and 2011. As of 2022, he is the most recent Republican governor of California.\n\n'),(188,'Linda Hamilton ','Linda Carroll Hamilton is an American actress. She played Sarah Connor in the Terminator film series and Catherine Chandler in the television series Beauty and the Beast, for which she was nominated for two Golden Globe Awards and an Emmy Award.\n\n'),(189,'Edward Furlong ','Edward Walter Furlong is an American actor. He won Saturn and MTV Movie Awards for his breakthrough performance at age 13 as John Connor in James Cameron\'s Terminator 2: Judgment Day\n\n\n\n'),(190,'Michael J. Fox ','Michael Andrew Fox OC, known professionally as Michael J. Fox, is a Canadian-American retired actor. Beginning his career in the 1970s, he first rose to prominence for portraying Alex P. Keaton on the NBC sitcom Family Ties.\n\n'),(191,'Christopher Lloyd','Christopher Allen Lloyd is an American actor. He has appeared in many theater productions, films, and on television since the 1960s. He is known for portraying Dr. Emmett \"Doc\" Brown in the Back to the Future trilogy; and Jim Ignatowski in the comedy series Taxi, for which he won two Emmy Awards.\n\n'),(192,' Lea Thompson','Lea Katherine Thompson is an American actress and director. She is best known for her role as Lorraine Baines-McFly in the Back to the Future film trilogy and Beverly Switzler in Howard the Duck.\n\n'),(193,'Miyu Irino ','Miyu Irino is a Japanese voice actor and singer. He voiced Haku in Spirited Away, Shoya Ishida in A Silent Voice, Sena Kobayakawa in Eyeshield 21, Yuichiro Hyakuya in Seraph of the End, Kōshi Sugawara in Haikyu!!, Jinta \"Jintan\" Yadomi in Anohana: The Flower We Saw That Day, Nuts in Yes! \n\n'),(194,'Rumi Hiiragi','Rumi Hiiragi is a Japanese actress.\n\n'),(195,' Mari Natsuki ','Junko Nakajima, more commonly known by her stage name Mari Natsuki, is a Japanese singer, dancer and actress. Born in Tokyo, she started work as a singer from a young age. In 2007, Natsuki announced her engagement to percussionist Nobu Saitō, with their marriage taking place in Spring 2008.\n\n\n'),(196,'Adrien Brody','Adrien Nicholas Brody is an American actor and producer. He received widespread recognition and acclaim after starring as Władysław Szpilman in Roman Polanski\'s The Pianist, for which he won the Academy Award for Best Actor at age 29, becoming the youngest actor to win in that category. '),(197,' Thomas Kretschmann ','Thomas Kretschmann is a German actor. His notable film roles include Lieutenant Hans von Witzland in Stalingrad, Hauptmann Wilm Hosenfeld in The Pianist, Hermann Fegelein in Downfall\n\n'),(198,' Frank Finlay		','Francis Finlay, CBE was an English stage, film and television actor, Oscar-nominated for a supporting role as Iago in Laurence Olivier\'s 1965 film adaptation of Othello. In 1983, Finlay was directed by Italian filmmaker Tinto Brass in the erotic classic The Key, with Stefania Sandrelli.\n\n'),(199,'Jean Reno ','Juan Moreno y Herrera–Jiménez, known as Jean Reno, is a French actor of Andalusian Spanish origin'),(200,' Gary Oldman','Gary Leonard Oldman is an English actor and filmmaker. Known for his versatility and intense acting style, he has received various accolades, including an Academy Award, a Golden Globe Award, and three British Academy Film Awards.\n\n'),(201,'Natalie Portman','Natalie Portman is an Israeli-born American actress. With an extensive career in film since her teenage years, she has starred in various blockbusters and independent films, for which she has received multiple accolades, including an Academy Award, a British Academy Film Award, and two Golden Globe Awards.'),(202,'Song Kang-ho','Song Kang-ho is a South Korean actor. Song made his film debut in The Day a Pig Fell into the Well, and came to national prominence with a series of critically acclaimed performances, including No. 3, Joint Security Area, Sympathy for Mr. Vengeance, Memories of Murder, The Host, and A Taxi Driver.'),(203,'Sun-kyun Lee ','Lee Sun-kyun is a South Korean actor. After beginning his career in musical theatre, for many years Lee was relegated to minor and supporting roles onscreen, only getting to play lead characters in one-act dramas on KBS Drama City and MBC Best Theater.  '),(204,'Cho Yeo-jeong ','Cho Yeo-jeong is a South Korean actress. She is best known internationally for her role in the film Parasite, which won four Academy Awards and became the first non-English language film to win the award for Best Picture '),(205,'Matthew Broderick ','Matthew Broderick is an American actor and singer. His roles include the Golden Globe-nominated portrayal of the title character in Ferris Bueller\'s Day Off, the voice of adult Simba in Disney\'s The Lion King, and Leo Bloom in both the Broadway musical The Producers and its 2005 film adaptation. '),(206,'Jeremy Irons','Jeremy John Irons is an English actor and activist. After receiving classical training at the Bristol Old Vic Theatre School.'),(207,'James Earl Jones','James Earl Jones is an American actor. He has been described as \"one of America\'s most distinguished and versatile\" actors for his performances in film, television, and theater, and \"one of the greatest actors in American history\".'),(208,'Russell Crowe ','Russell Ira Crowe is an actor, director, and singer. He was born in New Zealand, spent 10 years of his childhood in Australia, and moved there permanently at age 21.'),(209,'Joaquin Phoenix','Joaquin Rafael Phoenix is an American actor. Known for playing dark and unconventional characters in independent films, he has received various accolades, including an Academy Award, a British Academy Film Award, a Grammy Award, and two Golden Globe Awards. '),(210,'Connie Nielsen ','Connie Inge-Lise Nielsen is a Danish actress. She has starred as Lucilla in the film Gladiator and as Hippolyta in the DC Extended Universe, and in the films Wonder Woman, Justice League, Wonder Woman 1984, and Zack Snyder\'s Justice League.'),(211,'Edward Norton','Edward Harrison Norton is an American actor and filmmaker. He has received numerous awards and nominations, including a Golden Globe Award and three Academy Award nominations. Born in Boston, Massachusetts and raised in Columbia, Maryland, Norton was drawn to theatrical productions at local venues as a child'),(212,'Edward Furlong ','Edward Walter Furlong is an American actor. He won Saturn and MTV Movie Awards for his breakthrough performance at age 13 as John Connor in James Cameron\'s Terminator 2: Judgment Day'),(213,'Beverly D\'Angelo','Beverly Heather D\'Angelo is an American actress who starred as Ellen Griswold in the National Lampoon\'s Vacation films.'),(214,'Kevin Spacey ','Kevin Spacey Fowler KBE is an American actor and producer. He began his career as a stage actor during the 1980s, obtaining supporting roles in film and television. Spacey\'s first roles in film were in Mike Nichols\' Heartburn, and Working Girl.'),(215,'Gabriel Byrne','Gabriel James Byrne is an Irish actor, film director, film producer, screenwriter, audiobook narrator, and author. His acting career began in the Focus Theatre before he joined London\'s Royal Court Theatre in 1979. Byrne\'s screen debut came in the Irish drama serial The Riordans and the spin-off show Bracken.'),(216,'Chazz Palminteri','Calogero Lorenzo \"Chazz\" Palminteri is an American actor. He is best known for his Academy Award–nominated performance in Bullets Over Broadway, the 1993 film A Bronx Tale, based on his play of the same name, and his recurring role as Shorty in Modern Family. '),(217,'Leonardo DiCaprio','Leonardo Wilhelm DiCaprio is an American actor and film producer. Known for his work in biopics and period films, he is the recipient of numerous accolades, including an Academy Award, a British Academy Film Award, and three Golden Globe Awards. '),(218,'Matt Damon ','Matthew Paige Damon is an American actor, film producer, and screenwriter. Ranked among Forbes\' most bankable stars, the films in which he has appeared have collectively earned over $3.88 billion at the North American box office, making him one of the highest-grossing actors of all time.'),(219,'Jack Nicholson ','John Joseph Nicholson is an American retired actor and filmmaker. He is known for having played a wide range of starring and supporting roles, including comic characters, romantic leads, anti-heroes and villains.'),(220,' Christian Bale','-Christian Charles Philip Bale is an English actor. Known for his versatility and recurring physical transformations to play his roles, he has been a leading man.'),(221,'Hugh Jackman','Hugh Michael Jackman AC is an Australian actor. Beginning in theatre and television, he landed his breakthrough role as James \"Logan\" Howlett / Wolverine in the X-Men film series.'),(222,'Scarlett Johansson','Scarlett Ingrid Johansson is an American actress. The world\'s highest-paid actress in 2018 and 2019, she has featured multiple times on the Forbes Celebrity 100 list. Time magazine named her one of the 100 most influential people in the world in 2021.'),(223,'Humphrey Bogart','Humphrey DeForest Bogart, nicknamed Bogie, was an American film and stage actor. His performances in Classical Hollywood cinema films made him an American cultural icon. In 1999, the American Film Institute selected Bogart as the greatest male star of classic American cinema.  '),(224,'Ingrid Bergman','Ingrid Bergman was a Swedish actress who starred in a variety of European and American films, television movies, and plays. With a career spanning five decades, she is often regarded as one of the most influential screen figures in cinematic history.		'),(225,'Paul Henreid ','Paul Henreid was an Austrian-British-American actor, director, producer, and writer. He is best remembered for two film roles; Victor Laszlo in Casablanca and Jerry Durrance in Now, Voyager, both released between 1942 and 1943.'),(226,'Tom Cruise','Thomas Cruise Mapother IV, better known by his stage name Tom Cruise, is an American actor and producer.'),(227,'Jennifer Connelly ','Jennifer Lynn Connelly is an American actress. She began her career as a child model before making her acting debut in the 1984 crime film Once Upon a Time in America. '),(228,' Miles Teller \n','Miles Alexander Teller is an American actor. Some of his films include The Spectacular Now, Whiplash, The Divergent Series, War Dogs, Bleed for This, Thank You for Your Service, and Top Gun: Maverick.'),(229,'James Stewart ','James Maitland Stewart was an American actor and military pilot. Known for his distinctive drawl and everyman screen persona, Stewart\'s film career spanned 80 films from 1935 to 1991. With the strong morality he portrayed both on and off the screen, he epitomized the \"American ideal\" in the mid-twentieth century. Teller is an American actor. Some of his films include The Spectacular Now, Whiplash, The Divergent Series, War Dogs, Bleed for This, Thank You for Your Service, and Top Gun: Maverick.'),(230,'Grace Kelly','Grace Patricia Kelly was an American actress who, after starring in several significant films in the early to mid-1950s, became Princess of Monaco by marrying Prince Rainier III in April 1956. Kelly was born into a well-known Catholic family of Irish and German origin in the U.S. city of Philadelphia. '),(231,' Wendell Corey','Wendell Reid Corey was an American actor and politician. He was President of the Academy of Motion Picture Arts and Sciences and was a board member of the Screen Actors Guild.'),(232,'Miles Teller ','-Miles Alexander Teller is an American actor. Some of his films include The Spectacular Now, Whiplash, The Divergent Series, War Dogs, Bleed for This, Thank You for Your Service, and Top Gun: Maverick.'),(233,'J.K. Simmons','Jonathan Kimble Simmons is an American actor, considered one of the most prolific and well-established character actors of his generation. He has appeared in over 200 film and television roles since his debut in 1986.'),(234,'Melissa Benoist','Melissa Marie Benoist is an American actress and singer. Her first major role was Marley Rose on the Fox musical comedy drama Glee, where she was a series regular during the fifth season. '),(235,'François Cluzet','François Cluzet is a French film and theatre actor. Cluzet has collaborated with many important European and American directors, inculding Claude Chabrol, Bertrand Tavernier, Claire Denis, Agnieszka Holland, Robert Altman and Olivier Assayas.'),(236,'Omar Sy ','Omar Sy is a French actor, best known in France for his sketches with Fred Testot on the Service après-vente des émissions television show on Canal+.'),(237,'Charles Chaplin ','Sir Charles Spencer Chaplin Jr. KBE was an English comic actor, filmmaker, and composer who rose to fame in the era of silent film. He became a worldwide icon through his screen persona, the Tramp, and is considered one of the film industry\'s most important figures.'),(238,'Paulette Goddard','Paulette Goddard was an American actress notable for her film career in the Golden Age of Hollywood. Born in Manhattan and raised in Kansas City, Missouri, Goddard initially began her career as a child fashion model and performer in several Broadway productions as a Ziegfeld Girl.'),(239,'Henry Bergman','Henry Bergman was an American actor of stage and film, known for his long association with Charlie Chaplin.'),(240,'Anne Le Ny','Anne Le Ny is a French actress, screenwriter and film director.'),(241,'Tatsuya Nakadai','Tatsuya Nakadai is a Japanese film actor famous for the wide variety of characters he has portrayed and many collaborations with famous Japanese film directors.'),(242,'Akira Ishihama','Akira Ishihama was born on January 29, 1935 in Tokyo, Japan. He is an actor, known for Hara-Kiri (1962), Kamen Rider Black: Terrifying! The Phantom House of Devil Pass (1988) and The Rose on His Arm (1956).'),(243,'Shima Iwashita','Shima Shinoda, better known as Shima Iwashita, is a Japanese actress who has appeared in about 100 films and many TV productions. She is married to film director Masahiro Shinoda, in whose films she has frequently appeared.'),(244,'Henry Fonda','Henry Jaynes Fonda was an American film and stage actor who had a career that spanned five decades on Broadway and in Hollywood.'),(245,'Charles Bronson','Charles Bronson was an American actor who was often cast in roles of police officers, gunfighters, or vigilantes in revenge-oriented plot lines. He had long-term collaborations with film directors Michael Winner and J. Lee Thompson and appeared in 15 films with his second wife, Jill Ireland.'),(246,'Claudia Cardinale','Claude Joséphine Rose \"Claudia\" Cardinale is an Italian actress. She has starred in several acclaimed European films of the 1960s and 1970s, acting in Italian, French, and English-language films.');
/*!40000 ALTER TABLE `actor` ENABLE KEYS */;
UNLOCK TABLES;

--
-- Table structure for table `acts`
--

DROP TABLE IF EXISTS `acts`;
/*!40101 SET @saved_cs_client     = @@character_set_client */;
/*!50503 SET character_set_client = utf8mb4 */;
CREATE TABLE `acts` (
  `MovieID` int NOT NULL,
  `ActorID` int NOT NULL,
  `CharacterPlayed` varchar(1000) DEFAULT NULL,
  PRIMARY KEY (`MovieID`,`ActorID`),
  KEY `ActorID` (`ActorID`),
  CONSTRAINT `acts_ibfk_1` FOREIGN KEY (`MovieID`) REFERENCES `movie` (`MovieID`) ON UPDATE CASCADE,
  CONSTRAINT `acts_ibfk_2` FOREIGN KEY (`ActorID`) REFERENCES `actor` (`ActorID`) ON UPDATE CASCADE
) ENGINE=InnoDB DEFAULT CHARSET=utf8mb4 COLLATE=utf8mb4_0900_ai_ci;
/*!40101 SET character_set_client = @saved_cs_client */;

--
-- Dumping data for table `acts`
--

LOCK TABLES `acts` WRITE;
/*!40000 ALTER TABLE `acts` DISABLE KEYS */;
INSERT INTO `acts` VALUES (1,101,'Andy Dufresne'),(1,102,'Warden Norton'),(1,103,'Heywood'),(2,104,'Don Vito Corleone'),(2,105,'Michael'),(2,106,'Sonny'),(3,107,'Bruce Wayne'),(3,108,'Joker'),(4,109,'Michael'),(4,110,'Vito Corleone'),(4,111,'Tom Hagen'),(5,112,'Juror 8'),(5,113,'Juror 3'),(5,114,'Juror 1'),(6,115,'Oskar Schindler'),(6,116,'Amon Goeth'),(6,117,'Itzhak Stern'),(7,118,'Frodo'),(7,119,'Aragorn'),(7,120,'Gandalf'),(8,121,'Vincent Vega'),(8,122,'Mia Wallace'),(8,123,'Jules Winnfield'),(9,124,'Frodo'),(9,125,'Legolas'),(9,126,'Gandalf'),(10,127,'Blondie'),(10,128,'Tuco'),(11,129,'Forrest Gump'),(11,130,'Jenny Curran'),(11,131,'Lieutenant Dan Taylor'),(12,132,'Tyler Durden'),(12,133,'Narrator'),(12,134,'Robert Paulsen'),(13,135,'Cobb'),(13,136,'Arthur'),(13,137,'Ariadne'),(14,138,'Frodo'),(14,139,'Aragorn'),(14,140,'Gandalf'),(15,141,'Luke Skywalker'),(15,142,'Han Solo'),(15,143,'Princess Leia'),(16,144,'Neo'),(16,145,'Morpheus'),(16,146,'Trinity'),(17,147,'James Conway'),(17,148,'Henry Hill'),(17,149,'Tommy DeVito'),(18,150,'R.P. McMurphy'),(18,151,'Nurse Ratched'),(18,152,'Ellis'),(19,153,'Somerset'),(19,154,'MillS'),(19,155,'John Doe'),(20,156,'Kikuchiyo'),(20,157,'Kambei Shimada'),(20,158,'Shino'),(21,159,'George Bailey'),(21,160,'Mary Hatch'),(21,161,' Mr. Potter'),(22,162,'Clarice Starling'),(22,163,'Dr. Hannibal Lecter'),(22,164,'FBI Instructor'),(23,165,'Buscapé - Rocket'),(23,166,'Zé Pequeno - Li\'l Zé'),(23,167,'Sandro Cenoura - Carrot'),(24,168,'Captain Miller'),(24,169,'Private Ryan'),(24,170,'Sergeant Horvath'),(25,171,'Guido'),(25,172,'Dora'),(25,173,'Giosué'),(25,175,'f'),(27,176,'Snow White'),(28,177,'Paul Edgecomb'),(28,178,'John Coffey'),(28,180,'Brutus \'Brutal\' Howell'),(29,181,'Cooper'),(29,182,'Brand'),(29,183,'Murph'),(30,184,'Luke Skywalker'),(30,185,'Han Solo'),(30,186,'Princess Leia'),(31,187,'The Terminator\n'),(31,188,'Sarah Connor\n'),(31,189,'John Connor\n'),(32,190,'Marty McFly\n'),(32,191,'Dr. Emmett Brown\n'),(32,192,'Lorraine Baines\n'),(33,193,'Haku (voice)\n'),(33,194,'Chihiro Ogino (voice)\n'),(33,195,'Yubaba (voice)\n	\n'),(35,196,'Wladyslaw Szpilman'),(35,197,'Captain Wilm Hosenfeld'),(35,198,'Father\n'),(36,199,'Leon			\n'),(36,200,' Stansfield\n				\n'),(36,201,'Mathilda	\n				\n'),(37,202,'Ki Taek'),(37,203,'Dong Ik\n'),(37,204,'Yeon Kyo	\n'),(38,205,'Simba (voice)'),(38,206,'Scar (voice)\n'),(38,207,'Mufasa(voice)\n'),(39,208,'Maximus\n'),(39,209,'Commodus\n'),(39,210,'Lucilla\n'),(40,211,'Derek\n'),(40,212,'Danny\n'),(40,213,'Doris'),(41,214,'Verbal'),(41,215,'Keaton'),(41,216,'Dave Kujan'),(42,217,'Billy'),(42,218,'Colin'),(42,219,'Costello'),(43,220,'Alfred Borden'),(43,221,'Robert Angier'),(43,222,'Olivia Wenscombe\n'),(44,223,'Rick Blaine\n'),(44,224,'Ilsa Lund\n'),(44,225,'Victor Laszlo\n'),(45,226,'Capt. Pete \'Maverick\' Mitchell\n'),(45,227,'Penny Benjamin\n\n'),(45,228,'Lt. Bradley \'Rooster\' Bradshaw'),(46,229,'L.B. Jefferies'),(46,230,'Lisa Fremont '),(46,231,'Tom Doyle'),(47,232,'Andrew'),(47,233,'Fletcher\n'),(47,234,'Nicole'),(48,235,'Philippe'),(48,236,'Driss'),(48,240,'Yvonne'),(49,237,'A Factory Worker'),(49,238,'A Gamin'),(49,239,'Cafe Proprietor'),(50,241,'Hanshiro Tsugumo'),(50,242,'Motome Chijiiwa'),(50,243,'Miho Tsugumo'),(51,244,'Frank'),(51,245,'Harmonica'),(51,246,'Jill McBain');
/*!40000 ALTER TABLE `acts` ENABLE KEYS */;
UNLOCK TABLES;

--
-- Table structure for table `directors`
--

DROP TABLE IF EXISTS `directors`;
/*!40101 SET @saved_cs_client     = @@character_set_client */;
/*!50503 SET character_set_client = utf8mb4 */;
CREATE TABLE `directors` (
  `DirectorID` int NOT NULL,
  `Name` varchar(200) DEFAULT NULL,
  PRIMARY KEY (`DirectorID`)
) ENGINE=InnoDB DEFAULT CHARSET=utf8mb4 COLLATE=utf8mb4_0900_ai_ci;
/*!40101 SET character_set_client = @saved_cs_client */;

--
-- Dumping data for table `directors`
--

LOCK TABLES `directors` WRITE;
/*!40000 ALTER TABLE `directors` DISABLE KEYS */;
INSERT INTO `directors` VALUES (201,'Frank Darabont'),(202,'Francis Ford Coppola'),(203,'Cristopher Nolan'),(204,'Francis Ford Coppola'),(205,'Sidney Lumet'),(206,'Steven Spielberg'),(207,'Peter Jackson'),(208,'Quentin Tarantino'),(209,'Peter Jackson'),(210,'Sergio Leone'),(211,'Robert Zemeckis'),(212,'David Fincher'),(213,'Cristopher Nolan'),(214,'Peter Jackson'),(215,'Irvin Kershner'),(216,'Lana Wachowski || Lilly Wachowski'),(217,'Martin Scorsese'),(218,'Milos Forman'),(219,'David Fincher'),(220,'Akira Kurosawa'),(221,'Frank Capra'),(222,'Jonathan Demme'),(223,'Fernando Meirelles || Kátia Lund'),(224,'Steven Spielberg'),(225,' Roberto Benigni'),(226,'g'),(227,'\nRupert Sanders'),(228,'Frank Darabont'),(229,'Christopher Nolan'),(230,'George Lucas'),(231,'James Cameron'),(232,'Robert Zemeckis'),(233,'Hayao Miyazak'),(234,'Alfred Hitchcock'),(235,'Roman Polanski\n'),(236,'Luc Besson'),(237,'Bong Joon Ho'),(238,' Roger Allers || Rob Minkoff'),(239,'Ridley Scott'),(240,'Tony Kaye'),(241,'Bryan Singer'),(242,'Martin Scorsese'),(243,'Christopher Nolan'),(244,'Michael Curtiz'),(245,'Joseph Kosinsk'),(246,'Alfred Hitchcock'),(247,'Damien Chazelle'),(248,'Olivier Nakache || Éric Toledano'),(249,'Charles Chaplin'),(250,'Masaki Kobayashi'),(251,'Sergio Leone');
/*!40000 ALTER TABLE `directors` ENABLE KEYS */;
UNLOCK TABLES;

--
-- Table structure for table `directs`
--

DROP TABLE IF EXISTS `directs`;
/*!40101 SET @saved_cs_client     = @@character_set_client */;
/*!50503 SET character_set_client = utf8mb4 */;
CREATE TABLE `directs` (
  `MovieID` int NOT NULL,
  `DirectorID` int NOT NULL,
  PRIMARY KEY (`MovieID`,`DirectorID`),
  KEY `DirectorID` (`DirectorID`),
  CONSTRAINT `directs_ibfk_1` FOREIGN KEY (`MovieID`) REFERENCES `movie` (`MovieID`) ON UPDATE CASCADE,
  CONSTRAINT `directs_ibfk_2` FOREIGN KEY (`DirectorID`) REFERENCES `directors` (`DirectorID`) ON DELETE CASCADE ON UPDATE CASCADE
) ENGINE=InnoDB DEFAULT CHARSET=utf8mb4 COLLATE=utf8mb4_0900_ai_ci;
/*!40101 SET character_set_client = @saved_cs_client */;

--
-- Dumping data for table `directs`
--

LOCK TABLES `directs` WRITE;
/*!40000 ALTER TABLE `directs` DISABLE KEYS */;
INSERT INTO `directs` VALUES (1,201),(2,202),(3,203),(4,204),(5,205),(6,206),(7,207),(8,208),(9,209),(10,210),(11,211),(12,212),(13,213),(14,214),(15,215),(16,216),(17,217),(18,218),(19,219),(20,220),(21,221),(22,222),(23,223),(24,224),(25,225),(25,226),(27,227),(28,228),(29,229),(30,230),(31,231),(32,232),(33,233),(34,234),(35,235),(36,236),(37,237),(38,238),(39,239),(40,240),(41,241),(42,242),(43,243),(44,244),(45,245),(46,246),(47,247),(48,248),(49,249),(50,250),(51,251);
/*!40000 ALTER TABLE `directs` ENABLE KEYS */;
UNLOCK TABLES;

--
-- Table structure for table `genre`
--

DROP TABLE IF EXISTS `genre`;
/*!40101 SET @saved_cs_client     = @@character_set_client */;
/*!50503 SET character_set_client = utf8mb4 */;
CREATE TABLE `genre` (
  `name` varchar(200) DEFAULT NULL,
  `MovieID` int DEFAULT NULL,
  `GenreID` int NOT NULL AUTO_INCREMENT,
  PRIMARY KEY (`GenreID`),
  KEY `MovieID` (`MovieID`),
  CONSTRAINT `genre_ibfk_1` FOREIGN KEY (`MovieID`) REFERENCES `movie` (`MovieID`) ON UPDATE CASCADE
) ENGINE=InnoDB AUTO_INCREMENT=133 DEFAULT CHARSET=utf8mb4 COLLATE=utf8mb4_0900_ai_ci;
/*!40101 SET character_set_client = @saved_cs_client */;

--
-- Dumping data for table `genre`
--

LOCK TABLES `genre` WRITE;
/*!40000 ALTER TABLE `genre` DISABLE KEYS */;
INSERT INTO `genre` VALUES ('Drama',1,1),('Drama',2,2),('Crime',2,5),('Drama',3,6),('Crime',3,7),('Crime',4,8),('Drama',4,9),('Crime',5,10),('Drama',5,11),('Biography',6,12),('Drama',6,13),('History',6,14),('Action',7,15),('Adventure',7,16),('Drama',7,17),('Crime',8,18),('Drama',8,19),('Action',9,20),('Adventure',9,21),('Drama',9,22),('Adventure',10,23),('Western',10,24),('Drama',11,25),('Romance',11,26),('Drama',12,27),('Action',13,28),('Adventure',13,29),('Sci-Fi',13,30),('Action',14,31),('Adventure',14,32),('Drama',14,33),('Action',15,34),('Adventure',15,35),('Fantasy',15,36),('Action',16,37),('Sci-Fi',16,38),('Biography',17,39),('Crime',17,40),('Drama',17,41),('Drama',18,42),('Crime',19,43),('Drama',19,44),('Mystery',19,45),('Action',20,46),('Drama',20,47),('Drama',21,48),('Family',21,49),('Fantasy',21,50),('Crime',22,51),('Drama',22,52),('Thriller',22,53),('Crime',23,54),('Drama',23,55),('Drama',24,56),('War',24,57),('Comedy',25,58),('Drama',25,59),('Romance',25,60),('Action',27,61),('Adventure',27,62),('Drama',27,63),('Crime',28,64),('Drama',28,65),('Fantasy',28,66),('Adventure',29,67),('Drama',29,68),('Sci-Fi',29,69),('Action',30,70),('Adventure',30,71),('Fantasy',30,72),('Action',31,73),('Sci-Fi',31,74),('Adventure',32,75),('Animation',33,78),('Comedy',32,79),('Sci-Fi',32,80),('Adventure',33,81),('Family',33,82),('Horror',34,83),('Mystery',34,84),('Thriller',34,85),('Biography',35,86),('Drama',35,87),('History',35,88),('Drama',35,89),('Music',35,90),('Action',36,91),('Crime',36,92),('Drama',36,93),('Comedy',37,94),('Drama',37,95),('Thriller',37,96),('Animation',38,97),('Adventure',38,98),('Drama',38,99),('Action',39,100),('Adventure',39,101),('Drama',39,102),('Crime',40,103),('Drama',40,104),('Crime',41,105),('Drama',41,106),('Mystery',41,107),('Crime',42,108),('Drama',42,109),('Thriller',42,110),('Family',43,111),('Mystery',43,112),('Sci-Fi',43,113),('Drama',44,114),('Romance',44,115),('War',44,116),('Action',45,117),('Drama',45,118),('Mystery',46,119),('Drama',46,120),('Drama',47,121),('Music',47,122),('Biography',48,123),('Comedy',48,124),('Drama',48,125),('Comedy',49,126),('Drama',49,127),('Romance',49,128),('Action',50,129),('Drama',50,130),('Mystery',50,131),('Western',51,132);
/*!40000 ALTER TABLE `genre` ENABLE KEYS */;
UNLOCK TABLES;

--
-- Table structure for table `movie`
--

DROP TABLE IF EXISTS `movie`;
/*!40101 SET @saved_cs_client     = @@character_set_client */;
/*!50503 SET character_set_client = utf8mb4 */;
CREATE TABLE `movie` (
  `MovieID` int NOT NULL,
  `title` varchar(200) DEFAULT NULL,
  `description` text,
  `year` int DEFAULT NULL,
  `imdb_rating` float DEFAULT NULL,
  `runtime` varchar(100) DEFAULT NULL,
  `Movie_rating` varchar(100) DEFAULT NULL,
  `gross` varchar(1000) DEFAULT NULL,
  PRIMARY KEY (`MovieID`)
) ENGINE=InnoDB DEFAULT CHARSET=utf8mb4 COLLATE=utf8mb4_0900_ai_ci;
/*!40101 SET character_set_client = @saved_cs_client */;

--
-- Dumping data for table `movie`
--

LOCK TABLES `movie` WRITE;
/*!40000 ALTER TABLE `movie` DISABLE KEYS */;
INSERT INTO `movie` VALUES (1,'The Shawshank Redemption','Two imprisoned men bond over a number of years, finding solace and eventual redemption through acts of common decency.\n',1994,9.3,'2h 22m','R','$28,884,504'),(2,'The Godfather','The aging patriarch of an organized crime dynasty in postwar New York City transfers control of his clandestine empire to his reluctant youngest son.',1972,9.2,'2h 55m','R','$250,341,816'),(3,'The Dark Knight','When the menace known as the Joker wreaks havoc and chaos on the people of Gotham, Batman must accept one of the greatest psychological and physical tests of his ability to fight injustice.',2008,9,'2h 32m','PG-13','$1,006,102,277'),(4,'The Godfather Part II','The early life and career of Vito Corleone in 1920s New York City is portrayed, while his son, Michael, expands and tightens his grip on the family crime syndicate.',1974,9,'3h 22m','R','$47,960,085'),(5,'12 Angry Men','The jury in a New York City murder trial is frustrated by a single member whose skeptical caution forces them to more carefully consider the evidence before jumping to a hasty verdict.',1957,9,'1h 36m','PG-13','$955'),(6,'Schindler’s List','In German-occupied Poland during World War II, industrialist Oskar Schindler gradually becomes concerned for his Jewish workforce after witnessing their persecution by the Nazis.',1993,9,'3h 15m','R','$322,161,245'),(7,'The Lord of the Rings: The Return of the King','Gandalf and Aragorn lead the World of Men against Sauron\'s army to draw his gaze from Frodo and Sam as they approach Mount Doom with the One Ring.',2003,9,'3h 21m','PG-13','$1,146,436,214'),(8,'Pulp Fiction','The lives of two mob hitmen, a boxer, a gangster and his wife, and a pair of diner bandits intertwine in four tales of violence and redemption.',1994,8.9,'2h 34m','R','$213,928,762'),(9,'The Lord of the Rings: The Fellowship of the Ring','A meek Hobbit from the Shire and eight companions set out on a journey to destroy the powerful One Ring and save Middle-earth from the Dark Lord Sauron.',2001,8.8,'2h 58m','PG-13','$898,094,742'),(10,'The Good, the Bad and the Ugly','A bounty hunting scam joins two men in an uneasy alliance against a third in a race to find a fortune in gold buried in a remote cemetery.',1966,8.8,'2h 58m','R','$25,100,000'),(11,'Forrest Gump','The presidencies of Kennedy and Johnson, the Vietnam War, the Watergate scandal and other historical events unfold from the perspective of an Alabama man with an IQ of 75, whose only desire is to be reunited with his childhood sweetheart.',1994,8.8,'2h 22m','PG-13','$678,226,133'),(12,'Fight Club','An insomniac office worker and a devil-may-care soap maker form an underground fight club that evolves into much more.',1999,8.8,'2h 19m','R','$101,209,702'),(13,'Inception','A thief who steals corporate secrets through the use of dream-sharing technology is given the inverse task of planting an idea into the mind of a C.E.O., but his tragic past may doom the project and his team to disaster',2010,8.8,'2h 28m','PG-13','$836,848,102'),(14,'The Lord of the Rings: The Two Towers','While Frodo and Sam edge closer to Mordor with the help of the shifty Gollum, the divided fellowship makes a stand against Sauron\'s new ally, Saruman, and his hordes of Isengard.',2002,8.8,'2h 59m','PG-13','$947,896,241'),(15,'Star Wars: Episode V - The Empire Strikes Back','After the Rebels are brutally overpowered by the Empire on the ice planet Hoth, Luke Skywalker begins Jedi training with Yoda, while his friends are pursued across the galaxy by Darth Vader and bounty hunter Boba Fett.',1980,8.7,'2h 4m','PG','$538,375,067'),(16,'The Matrix','When a beautiful stranger leads computer hacker Neo to a forbidding underworld, he discovers the shocking truth--the life he knows is the elaborate deception of an evil cyber-intelligence.',1999,8.7,'2h 16m','R','$467,222,728'),(17,'Goodfellas','The story of Henry Hill and his life in the mob, covering his relationship with his wife Karen Hill and his mob partners Jimmy Conway and Tommy DeVito in the Italian-American crime syndicate.',1990,8.7,'2h 25m','R','$47,036,784'),(18,'One Flew Over the Cuckoo\'s Nest','A criminal pleads insanity and is admitted to a mental institution, where he rebels against the oppressive nurse and rallies up the scared patients.',1975,8.7,'2h 13m','R','$109,114,817'),(19,'Se7en','Two detectives, a rookie and a veteran, hunt a serial killer who uses the seven deadly sins as his motives.',1995,8.6,'2h 7m','R','$327,333,559'),(20,'Seven Samurai','A poor village under attack by bandits recruits seven unemployed samurai to help them defend themselves.',1954,8.6,'3h 27m','Not Rated','$346,258'),(21,'It’s a Wonderful Life','An angel is sent from Heaven to help a desperately frustrated businessman by showing him what life would have been like if he had never existed.',1946,8.6,'2h 10m','PG','$6,184,298'),(22,'The Silence of The Lamb','A young F.B.I. cadet must receive the help of an incarcerated and manipulative cannibal killer to help catch another serial killer, a madman who skins his victims.',1991,8.6,'1h 58m','R','$272,742,922'),(23,'City of God','In the slums of Rio, two kids\' paths diverge as one struggles to become a photographer and the other a kingpin.',2002,8.6,'2h 10m','R','$30,680,793'),(24,'Saving Private Ryan','Following the Normandy Landings, a group of U.S. soldiers go behind enemy lines to retrieve a paratrooper whose brothers have been killed in action.',1998,8.6,'2h 49m','R','$482,349,603'),(25,'Life is a Beautiful','When an open-minded Jewish waiter and his son become victims of the Holocaust, he uses a perfect mixture of will, humor, and imagination to protect his son from the dangers around their camp.',1997,8.6,'1h 56m','PG-13','$230,098,753'),(26,'f','d',1980,4,'1h 40m','G','$1'),(27,'Snow White and the Huntsman','In a twist to the fairy tale, the Huntsman ordered to take Snow White into the woods to be killed winds up becoming her protector and mentor in a quest to vanquish the Evil Queen.',2012,6.1,'2h 7m','PG-13','$396,592,829'),(28,'The Green Mile','The lives of guards on Death Row are affected by one of their charges: a black man accused of child murder and rape, yet who has a mysterious gift.',1999,8.6,'3h 9m','R',' $286,801,374'),(29,'Interstellar','A team of explorers travel through a wormhole in space in an attempt to ensure humanity\'s survival.',2014,8.6,'2h 49m','PG-13','$701,729,206'),(30,'Star Wars','Luke Skywalker joins forces with a Jedi Knight, a cocky pilot, a Wookiee and two droids to save the galaxy from the Empire\'s world-destroying battle station, while also attempting to rescue Princess Leia from the mysterious Darth Vader.',1977,8.6,'2h 1m ','PG','$775,398,007'),(31,'Terminator 2: Judgment Day','A cyborg, identical to the one who failed to kill Sarah Connor, must now protect her ten-year-old son John from a more advanced and powerful cyborg.',1991,8.6,'2h 17m ','R','$520,881,154'),(32,'Back to the Future\n','Marty McFly, a 17-year-old high school student, is accidentally sent thirty years into the past in a time-traveling DeLorean invented by his close friend, the eccentric scientist Doc Brown.\n\n',1985,8.5,'1h 56m ','PG','$383,336,762'),(33,'Spirited Away','During her family\'s move to the suburbs, a sullen 10-year-old girl wanders into a world ruled by gods, witches, and spirits, and where humans are changed into beasts.\n\n\n',2001,8.6,'2h 5m ','PG','$355,725,195'),(34,'Psycho','A Phoenix secretary embezzles $40,000 from her employer\'s client, goes on the run, and checks into a remote motel run by a young man under the domination of his mother.',1960,8.5,'1h 49m','R','$32,052,925'),(35,'The Pianist','A Polish Jewish musician struggles to survive the destruction of the Warsaw ghetto of World War II.',2002,8.5,'2h 30m','R','$120,072,577'),(36,'Léon: The Professional','12-year-old Mathilda is reluctantly taken in by Léon, a professional assassin, after her family is murdered. An unusual relationship forms as she becomes his protégée and learns the assassin\'s trade.',1994,8.5,'1h 50m','R','$19,552,639'),(37,'Parasite','Greed and class discrimination threaten the newly formed symbiotic relationship between the wealthy Park family and the destitute Kim clan.',2019,8.5,'2h 12m','R','$263,136,741'),(38,'The Lion King','Lion prince Simba and his father are targeted by his bitter uncle, who wants to ascend the throne himself.',1994,8.5,'1h 28m','G','$263,136,741'),(39,' Gladiator',' A former Roman General sets out to exact vengeance against the corrupt emperor who murdered his family and sent him into slavery.\n',2000,8.5,'2h 35m','R',' $465,380,802'),(40,'American History X',' A former neo-nazi skinhead tries to prevent his younger brother from going down the same wrong path that he did.\n',1998,8.5,'1h 59m','R','$23,875,127'),(41,'The Usual Suspects','A sole survivor tells of the twisty events leading up to a horrific gun battle on a boat, which began when five criminals met at a seemingly random police lineup.\n',1995,8.5,'1h 46m','R','$23,341,568'),(42,'The Departed\n','An undercover cop and a mole in the police attempt to identify each other while infiltrating an Irish gang in South Boston.\n',2006,8.5,'2h 31m','R','$291,480,452'),(43,'The Prestige ','After a tragic accident, two stage magicians in 1890s London engage in a battle to create the ultimate illusion while sacrificing everything they have to outwit each other.\n\n',2006,8.5,'2h 10m','PG-13','$109,676,311'),(44,'Casablanca',' A cynical expatriate American cafe owner struggles to decide whether or not to help his former lover and her fugitive husband escape the Nazis in French Morocco.',1942,8.5,'1h 42m','PG','$4,497,613'),(45,'Top Gun: Maverick\n',' After more than thirty years of service as one of the Navy\'s top aviators, Pete Mitchell is where he belongs, pushing the envelope as a courageous test pilot and dodging the advancement in rank that would ground him.',2022,8.6,'2h 10m','PG','$569,643,218'),(46,'Rear Window',' A wheelchair-bound photographer spies on his neighbors from his Greenwich Village courtyard apartment window, and becomes convinced one of them has committed murder, despite the skepticism of his fashion-model girlfriend.\n',1954,8.5,'1h 52m','PG','$37,034,514'),(47,'Whiplash','A promising young drummer enrolls at a cut-throat music conservatory where his dreams of greatness are mentored by an instructor who will stop at nothing to realize a student\'s potential.',2014,8.5,'1h 46m','R','$49,396,747'),(48,'The Untouchables\n','After he becomes a quadriplegic from a paragliding accident, an aristocrat hires a young man from the projects to be his caregiver.\n\n\n',2011,8.5,'1h 52m','R','$426,588,510'),(49,'Modern Times','The Tramp struggles to live in modern industrial society with the help of a young homeless woman.\n',1936,8.5,'1h 27m','G','$462,337'),(50,'Hara-Kiri ','When a ronin requesting seppuku at a feudal lord\'s palace is told of the brutal suicide of another ronin who previously visited, he reveals how their pasts are intertwined - and in doing so challenges the clan\'s integrity.\n\n\n',1962,8.6,'2h 13m','Not Rated','$15,222'),(51,'Once Upon a Time in the West\n',' A mysterious stranger with a harmonica joins forces with a notorious desperado to protect a beautiful widow from a ruthless assassin working for the railroad.\n\n',1968,8.5,'2h 45m','PG-13','$5,434,825');
/*!40000 ALTER TABLE `movie` ENABLE KEYS */;
UNLOCK TABLES;
/*!40103 SET TIME_ZONE=@OLD_TIME_ZONE */;

/*!40101 SET SQL_MODE=@OLD_SQL_MODE */;
/*!40014 SET FOREIGN_KEY_CHECKS=@OLD_FOREIGN_KEY_CHECKS */;
/*!40014 SET UNIQUE_CHECKS=@OLD_UNIQUE_CHECKS */;
/*!40101 SET CHARACTER_SET_CLIENT=@OLD_CHARACTER_SET_CLIENT */;
/*!40101 SET CHARACTER_SET_RESULTS=@OLD_CHARACTER_SET_RESULTS */;
/*!40101 SET COLLATION_CONNECTION=@OLD_COLLATION_CONNECTION */;
/*!40111 SET SQL_NOTES=@OLD_SQL_NOTES */;

-- Dump completed on 2022-06-11  0:04:21
